{
  "configuration": {
    "appSettings": {
      "systemstDatabase": {
        "databaseSource": "192.168.1.230",
        "databaseName": "/var/lib/firebird/2.5/data/SYSTEMST.FB",
        "databaseUser": "SYSDBA",
        "databasePassword": "Prestige2010",
        "databasePort": "3050"
      },
      "mainDatabase": {
        "databaseSource": "192.168.1.230",
        "databaseName": "/var/lib/firebird/2.5/data/PLASTROL.fb",
        "databaseUser": "SYSDBA",
        "databasePassword": "Prestige2010",
        "databasePort": "3050"
      },
      "rest": {
        "restSource": "",
        "restUser": "",
        "restPassword": "",
        "restUsingApp": ""
      }
    }
  }
}